--Importing some test data (Order is important)
-- 1 Faculties
INSERT INTO PUBLIC.FACULTIES (ID, DESCRIPTION, NAME) VALUES (1, '', 'Механіко-математичний факультет');
INSERT INTO PUBLIC.FACULTIES (ID, DESCRIPTION, NAME) VALUES (2, '', 'Радіо-фізичний факультет');
INSERT INTO PUBLIC.FACULTIES (ID, DESCRIPTION, NAME) VALUES (3, '', 'Фізичний факультет');

INSERT INTO PUBLIC.FACULTIES (ID, DESCRIPTION, NAME) VALUES (4, '', 'Факультет кібернетики');
-- 2 Departments
INSERT INTO PUBLIC.DEPARTMENTS (ID, DESCRIPTION, NAME, FACULTY_ID) VALUES (1, '', 'Кафедра математичного аналізу', 1);
INSERT INTO PUBLIC.DEPARTMENTS (ID, DESCRIPTION, NAME, FACULTY_ID) VALUES (2, null, 'Кафедра диференційних рівнянь', 1);
INSERT INTO PUBLIC.DEPARTMENTS (ID, DESCRIPTION, NAME, FACULTY_ID) VALUES (3, null, 'Кафедра теорії імовірностей', 1);
INSERT INTO PUBLIC.DEPARTMENTS (ID, DESCRIPTION, NAME, FACULTY_ID) VALUES (4, null, 'Кафедра алгебри', 1);
-- 3 Groups
INSERT INTO PUBLIC.GROUPS (ID, COURSE_NUMBER, NAME, DEPARTMENT_ID, FACULTY_ID) VALUES (1, 1, '1 група математики', null, 1);
INSERT INTO PUBLIC.GROUPS (ID, COURSE_NUMBER, NAME, DEPARTMENT_ID, FACULTY_ID) VALUES (2, 1, '2 група математики', null, 1);
INSERT INTO PUBLIC.GROUPS (ID, COURSE_NUMBER, NAME, DEPARTMENT_ID, FACULTY_ID) VALUES (3, 1, 'статистика', null, 1);
INSERT INTO PUBLIC.GROUPS (ID, COURSE_NUMBER, NAME, DEPARTMENT_ID, FACULTY_ID) VALUES (4, 2, '1 група математики', null, 1);
INSERT INTO PUBLIC.GROUPS (ID, COURSE_NUMBER, NAME, DEPARTMENT_ID, FACULTY_ID) VALUES (5, 2, '2 група математики', null, 1);
INSERT INTO PUBLIC.GROUPS (ID, COURSE_NUMBER, NAME, DEPARTMENT_ID, FACULTY_ID) VALUES (6, 3, 'статистика', 3, 1);
-- 4 Time settings
INSERT INTO PUBLIC.TIME_SETTINGS (ID, ODD_WEEK_DATE) VALUES (1, '2015-03-02');
-- 5 Pair times
INSERT INTO PUBLIC.PAIR_TIMES (ID, PAIR_NUMBER, TIME_BEGIN, TIME_BREAK, TIME_BREAK_END, TIME_END, TIME_SETTINGS_ID) VALUES (1, 1, '08:40:00', '09:25:00', '09:30:00', '10:15:00', 1);
INSERT INTO PUBLIC.PAIR_TIMES (ID, PAIR_NUMBER, TIME_BEGIN, TIME_BREAK, TIME_BREAK_END, TIME_END, TIME_SETTINGS_ID) VALUES (2, 2, '10:35:00', '11:20:00', '11:25:00', '12:10:00', 1);
INSERT INTO PUBLIC.PAIR_TIMES (ID, PAIR_NUMBER, TIME_BEGIN, TIME_BREAK, TIME_BREAK_END, TIME_END, TIME_SETTINGS_ID) VALUES (3, 3, '12:20:00', '13:05:00', '13:10:00', '13:55:00', 1);
-- 6 Cabinets
INSERT INTO PUBLIC.CABINETS (ID, DESCRIPTION, NUMBER) VALUES (1, 'Велика лекційна аудиторія', '41');
INSERT INTO PUBLIC.CABINETS (ID, DESCRIPTION, NUMBER) VALUES (2, 'Велика лекційна аудиторія', '45');
INSERT INTO PUBLIC.CABINETS (ID, DESCRIPTION, NUMBER) VALUES (3, 'Лекційна аудиторія', '42');
INSERT INTO PUBLIC.CABINETS (ID, DESCRIPTION, NUMBER) VALUES (4, 'Аудиторія на 2 поверсі', '202');
INSERT INTO PUBLIC.CABINETS (ID, DESCRIPTION, NUMBER) VALUES (5, 'Аудиторія на 2 поверсі', '203');
INSERT INTO PUBLIC.CABINETS (ID, DESCRIPTION, NUMBER) VALUES (6, 'Аудиторія на 3 поверсі', '304');
INSERT INTO PUBLIC.CABINETS (ID, DESCRIPTION, NUMBER) VALUES (7, 'Аудиторія на 5 поверсі', '505');
INSERT INTO PUBLIC.CABINETS (ID, DESCRIPTION, NUMBER) VALUES (8, 'Аудиторія на 5 поверсі з ком''ютерами', '502');
INSERT INTO PUBLIC.CABINETS (ID, DESCRIPTION, NUMBER) VALUES (9, '', '34');
-- 7 Teachers
INSERT INTO PUBLIC.TEACHERS (ID, DESCRIPTION, NAME) VALUES (1, 'Переписує лекцїї з книжки', 'Назаренко Микола Олексійович');
INSERT INTO PUBLIC.TEACHERS (ID, DESCRIPTION, NAME) VALUES (2, null, 'Бондаренко Євген Володимирович');
INSERT INTO PUBLIC.TEACHERS (ID, DESCRIPTION, NAME) VALUES (3, '', 'Журавльов Іван Іванович');
INSERT INTO PUBLIC.TEACHERS (ID, DESCRIPTION, NAME) VALUES (4, null, 'Летуновська Ірина Володимирівна');
INSERT INTO PUBLIC.TEACHERS (ID, DESCRIPTION, NAME) VALUES (5, null, 'Кочуновська Марина Федорівна');
INSERT INTO PUBLIC.TEACHERS (ID, DESCRIPTION, NAME) VALUES (6, null, 'Нестеренко Олексій Никифорович');
INSERT INTO PUBLIC.TEACHERS (ID, DESCRIPTION, NAME) VALUES (7, null, 'Масол Володимир Володимирович');
-- 8 Subjects
INSERT INTO PUBLIC.SUBJECTS (ID, DESCRIPTION, EXAM_TYPE, NAME, SHORT_NAME) VALUES (1, 'Базовий предмет мехмату. Вивчається 4 семестри', 'EXAM', 'Математичний аналіз', 'Матан');
INSERT INTO PUBLIC.SUBJECTS (ID, DESCRIPTION, EXAM_TYPE, NAME, SHORT_NAME) VALUES (2, '', 'EXAM', 'Алгебра', '');
INSERT INTO PUBLIC.SUBJECTS (ID, DESCRIPTION, EXAM_TYPE, NAME, SHORT_NAME) VALUES (3, '', 'PASS_FAIL', 'Дискретна математика', 'Дискретка');
INSERT INTO PUBLIC.SUBJECTS (ID, DESCRIPTION, EXAM_TYPE, NAME, SHORT_NAME) VALUES (4, '', 'PASS_FAIL', 'Англійска мова', 'Англ. мова');
INSERT INTO PUBLIC.SUBJECTS (ID, DESCRIPTION, EXAM_TYPE, NAME, SHORT_NAME) VALUES (6, '', 'EXAM', 'Аналітична геометрія', 'Геом.');
INSERT INTO PUBLIC.SUBJECTS (ID, DESCRIPTION, EXAM_TYPE, NAME, SHORT_NAME) VALUES (7, '', 'EXAM', 'Історія', NULL);
-- 9 TimeTables
INSERT INTO PUBLIC.TIME_TABLES (ID, SEMESTER, YEAR, FACULTY_ID, GROUP_ID, TIME_SETTINGS_ID) VALUES (1, 2, 2014, 1, 1, 1);
-- 10 Pairs
INSERT INTO PUBLIC.PAIRS (ID, PAIR_TYPE, CABINET_ID, SUBJECT_ID, TEACHER_ID) VALUES (1, 'LECTURE', 1, 1, 1);
INSERT INTO PUBLIC.PAIRS (ID, PAIR_TYPE, CABINET_ID, SUBJECT_ID, TEACHER_ID) VALUES (2, 'PRACTICE', 4, 1, 6);
INSERT INTO PUBLIC.PAIRS (ID, PAIR_TYPE, CABINET_ID, SUBJECT_ID, TEACHER_ID) VALUES (3, 'LECTURE', 2, 2, 2);
INSERT INTO PUBLIC.PAIRS (ID, PAIR_TYPE, CABINET_ID, SUBJECT_ID, TEACHER_ID) VALUES (4, 'LECTURE', 3, 3, 7);
INSERT INTO PUBLIC.PAIRS (ID, PAIR_TYPE, CABINET_ID, SUBJECT_ID, TEACHER_ID) VALUES (5, 'DEFAULT', 6, 4, 4);
INSERT INTO PUBLIC.PAIRS (ID, PAIR_TYPE, CABINET_ID, SUBJECT_ID, TEACHER_ID) VALUES (6, 'LECTURE', 3, 6, 3);
INSERT INTO PUBLIC.PAIRS (ID, PAIR_TYPE, CABINET_ID, SUBJECT_ID, TEACHER_ID) VALUES (7, 'PRACTICE', 7, 6, 3);
INSERT INTO PUBLIC.PAIRS (ID, PAIR_TYPE, CABINET_ID, SUBJECT_ID, TEACHER_ID) VALUES (8, 'LECTURE', 9, 7, 5);
INSERT INTO PUBLIC.PAIRS (ID, PAIR_TYPE, CABINET_ID, SUBJECT_ID, TEACHER_ID) VALUES (9, 'PRACTICE', 9, 7, 5);
-- 11 Days
INSERT INTO PUBLIC.DAYS (ID, DAY_OF_WEEK, TIMETABLE_ID) VALUES (1, 'MONDAY', 1);
INSERT INTO PUBLIC.DAYS (ID, DAY_OF_WEEK, TIMETABLE_ID) VALUES (2, 'TUESDAY', 1);
INSERT INTO PUBLIC.DAYS (ID, DAY_OF_WEEK, TIMETABLE_ID) VALUES (3, 'WEDNESDAY', 1);
INSERT INTO PUBLIC.DAYS (ID, DAY_OF_WEEK, TIMETABLE_ID) VALUES (4, 'THURSDAY', 1);
INSERT INTO PUBLIC.DAYS (ID, DAY_OF_WEEK, TIMETABLE_ID) VALUES (5, 'FRIDAY', 1);
-- 12 DayPairMapping
INSERT INTO PUBLIC.DAY_PAIR_MAPPING (ID, NUMBER_OF_PAIR, ODD_WEEK, DAY_ID, PAIR_ID) VALUES (1, 1, 1, 1, 1);
INSERT INTO PUBLIC.DAY_PAIR_MAPPING (ID, NUMBER_OF_PAIR, ODD_WEEK, DAY_ID, PAIR_ID) VALUES (2, 2, 1, 1, 2);
INSERT INTO PUBLIC.DAY_PAIR_MAPPING (ID, NUMBER_OF_PAIR, ODD_WEEK, DAY_ID, PAIR_ID) VALUES (3, 3, 1, 1, 3);
INSERT INTO PUBLIC.DAY_PAIR_MAPPING (ID, NUMBER_OF_PAIR, ODD_WEEK, DAY_ID, PAIR_ID) VALUES (4, 1, 1, 2, 4);
INSERT INTO PUBLIC.DAY_PAIR_MAPPING (ID, NUMBER_OF_PAIR, ODD_WEEK, DAY_ID, PAIR_ID) VALUES (5, 2, 1, 2, 5);
INSERT INTO PUBLIC.DAY_PAIR_MAPPING (ID, NUMBER_OF_PAIR, ODD_WEEK, DAY_ID, PAIR_ID) VALUES (6, 3, 1, 2, 6);
INSERT INTO PUBLIC.DAY_PAIR_MAPPING (ID, NUMBER_OF_PAIR, ODD_WEEK, DAY_ID, PAIR_ID) VALUES (7, 1, 1, 3, 7);
INSERT INTO PUBLIC.DAY_PAIR_MAPPING (ID, NUMBER_OF_PAIR, ODD_WEEK, DAY_ID, PAIR_ID) VALUES (8, 2, 1, 3, 7);
INSERT INTO PUBLIC.DAY_PAIR_MAPPING (ID, NUMBER_OF_PAIR, ODD_WEEK, DAY_ID, PAIR_ID) VALUES (9, 3, 1, 3, 8);
INSERT INTO PUBLIC.DAY_PAIR_MAPPING (ID, NUMBER_OF_PAIR, ODD_WEEK, DAY_ID, PAIR_ID) VALUES (10, 1, 1, 4, 9);
INSERT INTO PUBLIC.DAY_PAIR_MAPPING (ID, NUMBER_OF_PAIR, ODD_WEEK, DAY_ID, PAIR_ID) VALUES (11, 2, 1, 4, 1);
INSERT INTO PUBLIC.DAY_PAIR_MAPPING (ID, NUMBER_OF_PAIR, ODD_WEEK, DAY_ID, PAIR_ID) VALUES (12, 3, 1, 4, 4);
INSERT INTO PUBLIC.DAY_PAIR_MAPPING (ID, NUMBER_OF_PAIR, ODD_WEEK, DAY_ID, PAIR_ID) VALUES (13, 1, 1, 5, 5);
INSERT INTO PUBLIC.DAY_PAIR_MAPPING (ID, NUMBER_OF_PAIR, ODD_WEEK, DAY_ID, PAIR_ID) VALUES (14, 2, 1, 5, 5);
INSERT INTO PUBLIC.DAY_PAIR_MAPPING (ID, NUMBER_OF_PAIR, ODD_WEEK, DAY_ID, PAIR_ID) VALUES (15, 3, 1, 5, 1);
-- 13 Canceled pairs
INSERT INTO PUBLIC.CANCELED_PAIRS (ID, DATE, DESCRIPTION, PAIR_NUMBER, TIME_TABLE_ID) VALUES (1, '2015-03-10', 'Захворів викладач', 2, 1);
-- 14 Additional pairs
INSERT INTO PUBLIC.ADDITIONAL_PAIRS (ID, DATE, DESCRIPTION, PAIR_NUMBER, PAIR_ID, TIME_TABLE_ID) VALUES (1, '2015-03-12', 'Додаткова пара з Матаналізу', 4, 1, 1);
INSERT INTO PUBLIC.ADDITIONAL_PAIRS (ID, DATE, DESCRIPTION, PAIR_NUMBER, PAIR_ID, TIME_TABLE_ID) VALUES (2, '2015-04-08', 'Колоквіум з алгебри', 4, 2, 1);
